run_id,mode,interval_s,threshold,TP,FP,FN,TN,precision,recall,f1,fpr,delay_mean_s,delay_p50_s,delay_p95_s,http_requests,throughput_rps,lat_mean_ms,lat_p50_ms,lat_p95_ms,lat_p99_ms,error_rate,det_cpu_s,det_cpu_pct_avg,det_rss_mb_max,sys_cpu_avg,sys_cpu_max,sys_mem_avg,batch_score_s_avg,events_scored
cont-101,continuous,0.0,0.8,20,0,0,1831,1.0,1.0,1.0,0.0,0.02378956079483032,0.022166132926940918,0.04625262022018433,1870,3.117933653554307,56.12652654611161,59.45185899997796,131.28555039999128,176.76559840003847,0.0,5.5600000000000005,0.9139458636372428,16.941056,9.511570247933882,20.6,28.156198347107416,nan,39424
sched-101,scheduled,60.0,0.8,20,0,0,1816,1.0,1.0,1.0,0.0,31.527355515956877,32.2237651348114,57.900054121017455,1866,3.1104500061360336,54.02997539253428,58.46261300007427,122.65695500002494,163.82076124981486,0.0,1.6400000000000001,0.24551433336050352,22.806528,8.136090225563908,21.6,28.515789473684215,0.18466301759084067,38446
cont-102,continuous,0.0,0.8,20,0,0,1858,1.0,1.0,1.0,0.0,0.024401473999023437,0.02655768394470215,0.04537203311920166,1913,3.1897197215109925,56.766658663598236,59.70773900025961,127.80385199976081,182.77065426006627,0.0,5.98,0.980770111849577,16.949248,9.919008264462809,21.4,28.26198347107438,nan,40178
sched-102,scheduled,60.0,0.8,20,0,0,1830,1.0,1.0,1.0,0.0,29.002123248577117,30.1582590341568,56.67445005178452,1903,3.175295232091325,54.96852615875812,57.84856799982663,133.05425639973694,183.56509023977202,0.0,1.6600000000000001,0.2484899229472112,23.248896,8.701503759398491,67.5,29.31578947368422,0.15173208713531494,39025
cont-103,continuous,0.0,0.8,20,0,0,1827,1.0,1.0,1.0,0.0,0.02400583028793335,0.02115762233734131,0.044893002510070806,1884,3.1416694670663827,57.319325925570986,60.65636799985441,135.86646525000094,204.4148623799628,0.0,6.07,0.9983635886719653,16.801792,9.78099173553719,19.8,28.65206611570247,nan,39191
sched-103,scheduled,60.0,0.8,20,0,0,1809,1.0,1.0,1.0,0.0,31.875782346725465,28.54654812812805,58.29210045337677,1855,3.093871454597889,54.75131846274957,59.11948399989342,125.81089960003736,174.59734384014166,0.0,1.23,0.18432636328552598,21.004288,8.145864661654135,18.3,28.431578947368454,0.12478417158126831,38465
cont-104,continuous,0.0,0.8,20,0,0,1787,1.0,1.0,1.0,0.0,0.02521975040435791,0.02875518798828125,0.04566056728363037,1801,3.004235866177171,59.09876765164313,61.07591699947079,137.27929050037346,193.3814695997171,0.0,6.46,1.056104107484607,19.550208,9.626229508196717,18.5,28.427049180327906,nan,38579
sched-104,scheduled,60.0,0.8,20,0,0,1898,1.0,1.0,1.0,0.0,31.7281818151474,33.69142830371857,53.372279584407806,1894,3.157553155350135,53.78338794845486,58.72039850009969,120.0380591996236,173.00019866012005,0.0,1.3,0.1947846920436947,20.430848,8.251127819548872,21.8,28.537593984962385,0.1420984466870626,40523
cont-105,continuous,0.0,0.8,20,0,0,1806,1.0,1.0,1.0,0.0,0.029719901084899903,0.02640664577484131,0.05211013555526734,1873,3.1253976097652627,54.519545510821736,58.56011500054592,126.69327499988869,186.9580935598242,0.0,5.99,0.9823305915753443,16.760832,9.42809917355372,16.2,28.37603305785127,nan,38997
sched-105,scheduled,60.0,0.8,20,0,0,1805,1.0,1.0,1.0,0.0,29.172731959819792,30.200160264968872,57.899185359478,1877,3.1291170753372355,52.998842897064215,58.509738999418914,118.12285589985552,158.5027799595264,0.0,1.6400000000000001,0.24528354646764444,21.061632,8.027819548872182,18.6,28.57142857142853,0.1522940993309021,38325
